Workbook

Sheet Raw Data
A1: Order ID | B1: Customer Name | C1: City | D1: Product | E1: Category | F1: Quantity | G1: Sales
A2: 1001 | B2: Rahul Sharma | C2: delhi | D2: Laptop | E2: electronics | F2: 2 | G2: 90000
A3: 1002 | B3: Priya Singh | C3: Delhi | D3: mouse | E3: ELECTRONICS | F3: 3 | G3: 1500
A4: 1003 | B4: Aman Verma | C4: mumbai | D4: Keyboard | E4: Electronics | F4: 1 | G4: 1200
A5: 1004 | B5: Neha Gupta | C5: MUMBAI | D5: headphones | E5: electronics | F5: 2 | G5: 4000
A6: 1005 | B6: rahul sharma | C6: Delhi | D6: Laptop | E6: Electronics | F6: 1 | G6: 45000
A7: 1005 | B7: rahul sharma | C7: Delhi | D7: Laptop | E7: Electronics | F7: 1 | G7: 45000
A8: 1006 | B8: Riya Mehta | C8: delhi | D8: Mouse | E8: electronics | F8: 2 | G8: 1000

Sheet Cleaned Data
A1: Order ID | B1: Customer Name | C1: City | D1: Product | E1: Category | F1: Quantity | G1: Sales
A2: ='Raw Data'!A2 | B2: =PROPER(TRIM('Raw Data'!B2)) | C2: =PROPER(TRIM('Raw Data'!C2)) | D2: =PROPER(TRIM('Raw Data'!D2)) | E2: =PROPER(TRIM('Raw Data'!E2)) | F2: ='Raw Data'!F2 | G2: ='Raw Data'!G2
A3: ='Raw Data'!A3 | B3: =PROPER(TRIM('Raw Data'!B3)) | C3: =PROPER(TRIM('Raw Data'!C3)) | D3: =PROPER(TRIM('Raw Data'!D3)) | E3: =PROPER(TRIM('Raw Data'!E3)) | F3: ='Raw Data'!F3 | G3: ='Raw Data'!G3
A4: ='Raw Data'!A4 | B4: =PROPER(TRIM('Raw Data'!B4)) | C4: =PROPER(TRIM('Raw Data'!C4)) | D4: =PROPER(TRIM('Raw Data'!D4)) | E4: =PROPER(TRIM('Raw Data'!E4)) | F4: ='Raw Data'!F4 | G4: ='Raw Data'!G4
A5: ='Raw Data'!A5 | B5: =PROPER(TRIM('Raw Data'!B5)) | C5: =PROPER(TRIM('Raw Data'!C5)) | D5: =PROPER(TRIM('Raw Data'!D5)) | E5: =PROPER(TRIM('Raw Data'!E5)) | F5: ='Raw Data'!F5 | G5: ='Raw Data'!G5
A6: ='Raw Data'!A7 | B6: =PROPER(TRIM('Raw Data'!B7)) | C6: =PROPER(TRIM('Raw Data'!C7)) | D6: =PROPER(TRIM('Raw Data'!D7)) | E6: =PROPER(TRIM('Raw Data'!E7)) | F6: ='Raw Data'!F7 | G6: ='Raw Data'!G7
A7: ='Raw Data'!A8 | B7: =PROPER(TRIM('Raw Data'!B8)) | C7: =PROPER(TRIM('Raw Data'!C8)) | D7: =PROPER(TRIM('Raw Data'!D8)) | E7: =PROPER(TRIM('Raw Data'!E8)) | F7: ='Raw Data'!F8 | G7: ='Raw Data'!G8

Sheet Cleaning Notes
A1: Cleaning Step | B1: Excel Method | C1: Purpose
A2: Remove extra spaces | B2: TRIM() | C2: Removes unnecessary spaces from text
A3: Standardize text | B3: PROPER() | C3: Converts names/cities/products/categories to consistent case
A4: Remove duplicate | B4: Remove Duplicates | C4: Keeps one record for repeated Order ID 1005
A5: Final validation | B5: Compare Raw Data and Cleaned Data | C5: Check that formatting is consistent and duplicate is removed
